[
    {
        "model": "admin.logentry",
        "pk": 1,
        "fields": {
            "action_time": "2024-05-17T09:20:11.746Z",
            "user": 1,
            "content_type": 13,
            "object_id": "dev",
            "object_repr": "Tag object (dev)",
            "action_flag": 1,
            "change_message": "[{\"added\": {}}]"
        }
    },
    {
        "model": "admin.logentry",
        "pk": 2,
        "fields": {
            "action_time": "2024-05-17T09:20:27.894Z",
            "user": 1,
            "content_type": 13,
            "object_id": "finance",
            "object_repr": "Tag object (finance)",
            "action_flag": 1,
            "change_message": "[{\"added\": {}}]"
        }
    },
    {
        "model": "admin.logentry",
        "pk": 3,
        "fields": {
            "action_time": "2024-05-17T09:20:55.147Z",
            "user": 1,
            "content_type": 13,
            "object_id": "travel",
            "object_repr": "Tag object (travel)",
            "action_flag": 1,
            "change_message": "[{\"added\": {}}]"
        }
    },
    {
        "model": "admin.logentry",
        "pk": 4,
        "fields": {
            "action_time": "2024-05-17T09:21:03.012Z",
            "user": 1,
            "content_type": 13,
            "object_id": "sport",
            "object_repr": "Tag object (sport)",
            "action_flag": 1,
            "change_message": "[{\"added\": {}}]"
        }
    },
    {
        "model": "admin.logentry",
        "pk": 5,
        "fields": {
            "action_time": "2024-05-17T09:21:17.590Z",
            "user": 1,
            "content_type": 12,
            "object_id": "web",
            "object_repr": "Source object (web)",
            "action_flag": 1,
            "change_message": "[{\"added\": {}}]"
        }
    },
    {
        "model": "admin.logentry",
        "pk": 6,
        "fields": {
            "action_time": "2024-05-17T09:21:26.554Z",
            "user": 1,
            "content_type": 12,
            "object_id": "mobile",
            "object_repr": "Source object (mobile)",
            "action_flag": 1,
            "change_message": "[{\"added\": {}}]"
        }
    },
    {
        "model": "admin.logentry",
        "pk": 7,
        "fields": {
            "action_time": "2024-05-17T09:22:00.132Z",
            "user": 1,
            "content_type": 9,
            "object_id": "1",
            "object_repr": "Author object (1)",
            "action_flag": 1,
            "change_message": "[{\"added\": {}}]"
        }
    },
    {
        "model": "admin.logentry",
        "pk": 8,
        "fields": {
            "action_time": "2024-05-17T09:22:21.496Z",
            "user": 1,
            "content_type": 10,
            "object_id": "1",
            "object_repr": "AuthorInfo object (1)",
            "action_flag": 1,
            "change_message": "[{\"added\": {}}]"
        }
    },
    {
        "model": "admin.logentry",
        "pk": 9,
        "fields": {
            "action_time": "2024-05-17T09:23:18.564Z",
            "user": 1,
            "content_type": 9,
            "object_id": "2",
            "object_repr": "Author object (2)",
            "action_flag": 1,
            "change_message": "[{\"added\": {}}]"
        }
    },
    {
        "model": "admin.logentry",
        "pk": 10,
        "fields": {
            "action_time": "2024-05-17T09:23:45.745Z",
            "user": 1,
            "content_type": 9,
            "object_id": "3",
            "object_repr": "Author object (3)",
            "action_flag": 1,
            "change_message": "[{\"added\": {}}]"
        }
    },
    {
        "model": "admin.logentry",
        "pk": 11,
        "fields": {
            "action_time": "2024-05-17T09:24:16.213Z",
            "user": 1,
            "content_type": 9,
            "object_id": "4",
            "object_repr": "Author object (4)",
            "action_flag": 1,
            "change_message": "[{\"added\": {}}]"
        }
    },
    {
        "model": "admin.logentry",
        "pk": 12,
        "fields": {
            "action_time": "2024-05-17T09:24:48.211Z",
            "user": 1,
            "content_type": 9,
            "object_id": "5",
            "object_repr": "Author object (5)",
            "action_flag": 1,
            "change_message": "[{\"added\": {}}]"
        }
    },
    {
        "model": "admin.logentry",
        "pk": 13,
        "fields": {
            "action_time": "2024-05-17T09:25:10.576Z",
            "user": 1,
            "content_type": 10,
            "object_id": "2",
            "object_repr": "AuthorInfo object (2)",
            "action_flag": 1,
            "change_message": "[{\"added\": {}}]"
        }
    },
    {
        "model": "admin.logentry",
        "pk": 14,
        "fields": {
            "action_time": "2024-05-17T09:25:32.202Z",
            "user": 1,
            "content_type": 10,
            "object_id": "3",
            "object_repr": "AuthorInfo object (3)",
            "action_flag": 1,
            "change_message": "[{\"added\": {}}]"
        }
    },
    {
        "model": "admin.logentry",
        "pk": 15,
        "fields": {
            "action_time": "2024-05-17T09:34:49.369Z",
            "user": 1,
            "content_type": 11,
            "object_id": "1",
            "object_repr": "Article object (1)",
            "action_flag": 1,
            "change_message": "[{\"added\": {}}]"
        }
    },
    {
        "model": "admin.logentry",
        "pk": 16,
        "fields": {
            "action_time": "2024-05-17T09:42:35.060Z",
            "user": 1,
            "content_type": 11,
            "object_id": "2",
            "object_repr": "Article object (2)",
            "action_flag": 1,
            "change_message": "[{\"added\": {}}]"
        }
    },
    {
        "model": "admin.logentry",
        "pk": 17,
        "fields": {
            "action_time": "2024-05-17T09:43:11.213Z",
            "user": 1,
            "content_type": 11,
            "object_id": "3",
            "object_repr": "Article object (3)",
            "action_flag": 1,
            "change_message": "[{\"added\": {}}]"
        }
    },
    {
        "model": "admin.logentry",
        "pk": 18,
        "fields": {
            "action_time": "2024-05-17T09:43:39.514Z",
            "user": 1,
            "content_type": 11,
            "object_id": "4",
            "object_repr": "Article object (4)",
            "action_flag": 1,
            "change_message": "[{\"added\": {}}]"
        }
    },
    {
        "model": "admin.logentry",
        "pk": 19,
        "fields": {
            "action_time": "2024-05-17T09:44:23.401Z",
            "user": 1,
            "content_type": 11,
            "object_id": "5",
            "object_repr": "Article object (5)",
            "action_flag": 1,
            "change_message": "[{\"added\": {}}]"
        }
    },
    {
        "model": "admin.logentry",
        "pk": 20,
        "fields": {
            "action_time": "2024-05-17T09:45:29.970Z",
            "user": 1,
            "content_type": 11,
            "object_id": "6",
            "object_repr": "Article object (6)",
            "action_flag": 1,
            "change_message": "[{\"added\": {}}]"
        }
    },
    {
        "model": "admin.logentry",
        "pk": 21,
        "fields": {
            "action_time": "2024-05-17T09:45:51.402Z",
            "user": 1,
            "content_type": 11,
            "object_id": "7",
            "object_repr": "Article object (7)",
            "action_flag": 1,
            "change_message": "[{\"added\": {}}]"
        }
    },
    {
        "model": "admin.logentry",
        "pk": 22,
        "fields": {
            "action_time": "2024-05-17T09:47:00.112Z",
            "user": 1,
            "content_type": 11,
            "object_id": "8",
            "object_repr": "Article object (8)",
            "action_flag": 1,
            "change_message": "[{\"added\": {}}]"
        }
    },
    {
        "model": "admin.logentry",
        "pk": 23,
        "fields": {
            "action_time": "2024-05-17T09:49:20.076Z",
            "user": 1,
            "content_type": 11,
            "object_id": "9",
            "object_repr": "Article object (9)",
            "action_flag": 1,
            "change_message": "[{\"added\": {}}]"
        }
    },
    {
        "model": "admin.logentry",
        "pk": 24,
        "fields": {
            "action_time": "2024-05-17T09:50:24.839Z",
            "user": 1,
            "content_type": 11,
            "object_id": "9",
            "object_repr": "Article object (9)",
            "action_flag": 2,
            "change_message": "[]"
        }
    },
    {
        "model": "admin.logentry",
        "pk": 25,
        "fields": {
            "action_time": "2024-05-17T09:50:44.748Z",
            "user": 1,
            "content_type": 11,
            "object_id": "10",
            "object_repr": "Article object (10)",
            "action_flag": 1,
            "change_message": "[{\"added\": {}}]"
        }
    },
    {
        "model": "admin.logentry",
        "pk": 26,
        "fields": {
            "action_time": "2024-05-17T09:52:14.450Z",
            "user": 1,
            "content_type": 11,
            "object_id": "11",
            "object_repr": "Article object (11)",
            "action_flag": 1,
            "change_message": "[{\"added\": {}}]"
        }
    },
    {
        "model": "admin.logentry",
        "pk": 27,
        "fields": {
            "action_time": "2024-05-17T09:53:00.679Z",
            "user": 1,
            "content_type": 11,
            "object_id": "12",
            "object_repr": "Article object (12)",
            "action_flag": 1,
            "change_message": "[{\"added\": {}}]"
        }
    },
    {
        "model": "admin.logentry",
        "pk": 28,
        "fields": {
            "action_time": "2024-05-17T10:46:39.391Z",
            "user": 1,
            "content_type": 11,
            "object_id": "12",
            "object_repr": "\u0421\u0442\u0430\u0442\u044c\u044f 12",
            "action_flag": 2,
            "change_message": "[{\"added\": {\"name\": \"\\u041e\\u0446\\u0435\\u043d\\u043a\\u0430 \\u043a \\u0441\\u0442\\u0430\\u0442\\u044c\\u044f\\u043c\", \"object\": \"\\u041e\\u0446\\u0435\\u043d\\u043a\\u0430 1\"}}, {\"added\": {\"name\": \"\\u041e\\u0446\\u0435\\u043d\\u043a\\u0430 \\u043a \\u0441\\u0442\\u0430\\u0442\\u044c\\u044f\\u043c\", \"object\": \"\\u041e\\u0446\\u0435\\u043d\\u043a\\u0430 2\"}}, {\"added\": {\"name\": \"\\u041e\\u0446\\u0435\\u043d\\u043a\\u0430 \\u043a \\u0441\\u0442\\u0430\\u0442\\u044c\\u044f\\u043c\", \"object\": \"\\u041e\\u0446\\u0435\\u043d\\u043a\\u0430 3\"}}, {\"added\": {\"name\": \"\\u041a\\u043e\\u043c\\u043c\\u0435\\u043d\\u0442\\u0430\\u0440\\u0438\\u0439 \\u043a \\u0441\\u0442\\u0430\\u0442\\u044c\\u044f\\u043c\", \"object\": \"\\u041a\\u043e\\u043c\\u043c\\u0435\\u043d\\u0442\\u0430\\u0440\\u0438\\u0439 1\"}}, {\"added\": {\"name\": \"\\u041a\\u043e\\u043c\\u043c\\u0435\\u043d\\u0442\\u0430\\u0440\\u0438\\u0439 \\u043a \\u0441\\u0442\\u0430\\u0442\\u044c\\u044f\\u043c\", \"object\": \"\\u041a\\u043e\\u043c\\u043c\\u0435\\u043d\\u0442\\u0430\\u0440\\u0438\\u0439 2\"}}, {\"added\": {\"name\": \"\\u041a\\u043e\\u043c\\u043c\\u0435\\u043d\\u0442\\u0430\\u0440\\u0438\\u0439 \\u043a \\u0441\\u0442\\u0430\\u0442\\u044c\\u044f\\u043c\", \"object\": \"\\u041a\\u043e\\u043c\\u043c\\u0435\\u043d\\u0442\\u0430\\u0440\\u0438\\u0439 3\"}}]"
        }
    },
    {
        "model": "admin.logentry",
        "pk": 29,
        "fields": {
            "action_time": "2024-05-17T10:47:02.146Z",
            "user": 1,
            "content_type": 11,
            "object_id": "10",
            "object_repr": "\u0421\u0442\u0430\u0442\u044c\u044f 10",
            "action_flag": 2,
            "change_message": "[{\"added\": {\"name\": \"\\u041e\\u0446\\u0435\\u043d\\u043a\\u0430 \\u043a \\u0441\\u0442\\u0430\\u0442\\u044c\\u044f\\u043c\", \"object\": \"\\u041e\\u0446\\u0435\\u043d\\u043a\\u0430 4\"}}, {\"added\": {\"name\": \"\\u041a\\u043e\\u043c\\u043c\\u0435\\u043d\\u0442\\u0430\\u0440\\u0438\\u0439 \\u043a \\u0441\\u0442\\u0430\\u0442\\u044c\\u044f\\u043c\", \"object\": \"\\u041a\\u043e\\u043c\\u043c\\u0435\\u043d\\u0442\\u0430\\u0440\\u0438\\u0439 4\"}}]"
        }
    },
    {
        "model": "admin.logentry",
        "pk": 30,
        "fields": {
            "action_time": "2024-05-17T10:47:36.093Z",
            "user": 1,
            "content_type": 11,
            "object_id": "10",
            "object_repr": "\u0421\u0442\u0430\u0442\u044c\u044f 10",
            "action_flag": 2,
            "change_message": "[]"
        }
    },
    {
        "model": "admin.logentry",
        "pk": 31,
        "fields": {
            "action_time": "2024-05-17T10:47:53.166Z",
            "user": 1,
            "content_type": 11,
            "object_id": "9",
            "object_repr": "\u0421\u0442\u0430\u0442\u044c\u044f 9",
            "action_flag": 2,
            "change_message": "[{\"added\": {\"name\": \"\\u041e\\u0446\\u0435\\u043d\\u043a\\u0430 \\u043a \\u0441\\u0442\\u0430\\u0442\\u044c\\u044f\\u043c\", \"object\": \"\\u041e\\u0446\\u0435\\u043d\\u043a\\u0430 5\"}}, {\"added\": {\"name\": \"\\u041a\\u043e\\u043c\\u043c\\u0435\\u043d\\u0442\\u0430\\u0440\\u0438\\u0439 \\u043a \\u0441\\u0442\\u0430\\u0442\\u044c\\u044f\\u043c\", \"object\": \"\\u041a\\u043e\\u043c\\u043c\\u0435\\u043d\\u0442\\u0430\\u0440\\u0438\\u0439 5\"}}]"
        }
    },
    {
        "model": "admin.logentry",
        "pk": 32,
        "fields": {
            "action_time": "2024-05-17T10:48:11.399Z",
            "user": 1,
            "content_type": 11,
            "object_id": "8",
            "object_repr": "\u0421\u0442\u0430\u0442\u044c\u044f 8",
            "action_flag": 2,
            "change_message": "[{\"added\": {\"name\": \"\\u041e\\u0446\\u0435\\u043d\\u043a\\u0430 \\u043a \\u0441\\u0442\\u0430\\u0442\\u044c\\u044f\\u043c\", \"object\": \"\\u041e\\u0446\\u0435\\u043d\\u043a\\u0430 6\"}}, {\"added\": {\"name\": \"\\u041e\\u0446\\u0435\\u043d\\u043a\\u0430 \\u043a \\u0441\\u0442\\u0430\\u0442\\u044c\\u044f\\u043c\", \"object\": \"\\u041e\\u0446\\u0435\\u043d\\u043a\\u0430 7\"}}, {\"added\": {\"name\": \"\\u041e\\u0446\\u0435\\u043d\\u043a\\u0430 \\u043a \\u0441\\u0442\\u0430\\u0442\\u044c\\u044f\\u043c\", \"object\": \"\\u041e\\u0446\\u0435\\u043d\\u043a\\u0430 8\"}}, {\"added\": {\"name\": \"\\u041e\\u0446\\u0435\\u043d\\u043a\\u0430 \\u043a \\u0441\\u0442\\u0430\\u0442\\u044c\\u044f\\u043c\", \"object\": \"\\u041e\\u0446\\u0435\\u043d\\u043a\\u0430 9\"}}]"
        }
    },
    {
        "model": "admin.logentry",
        "pk": 33,
        "fields": {
            "action_time": "2024-05-17T10:48:28.557Z",
            "user": 1,
            "content_type": 11,
            "object_id": "7",
            "object_repr": "\u0421\u0442\u0430\u0442\u044c\u044f 7",
            "action_flag": 2,
            "change_message": "[{\"added\": {\"name\": \"\\u041e\\u0446\\u0435\\u043d\\u043a\\u0430 \\u043a \\u0441\\u0442\\u0430\\u0442\\u044c\\u044f\\u043c\", \"object\": \"\\u041e\\u0446\\u0435\\u043d\\u043a\\u0430 10\"}}, {\"added\": {\"name\": \"\\u041e\\u0446\\u0435\\u043d\\u043a\\u0430 \\u043a \\u0441\\u0442\\u0430\\u0442\\u044c\\u044f\\u043c\", \"object\": \"\\u041e\\u0446\\u0435\\u043d\\u043a\\u0430 11\"}}, {\"added\": {\"name\": \"\\u041e\\u0446\\u0435\\u043d\\u043a\\u0430 \\u043a \\u0441\\u0442\\u0430\\u0442\\u044c\\u044f\\u043c\", \"object\": \"\\u041e\\u0446\\u0435\\u043d\\u043a\\u0430 12\"}}, {\"added\": {\"name\": \"\\u041a\\u043e\\u043c\\u043c\\u0435\\u043d\\u0442\\u0430\\u0440\\u0438\\u0439 \\u043a \\u0441\\u0442\\u0430\\u0442\\u044c\\u044f\\u043c\", \"object\": \"\\u041a\\u043e\\u043c\\u043c\\u0435\\u043d\\u0442\\u0430\\u0440\\u0438\\u0439 6\"}}]"
        }
    },
    {
        "model": "admin.logentry",
        "pk": 34,
        "fields": {
            "action_time": "2024-05-17T10:48:41.998Z",
            "user": 1,
            "content_type": 11,
            "object_id": "6",
            "object_repr": "\u0421\u0442\u0430\u0442\u044c\u044f 6",
            "action_flag": 2,
            "change_message": "[{\"added\": {\"name\": \"\\u041e\\u0446\\u0435\\u043d\\u043a\\u0430 \\u043a \\u0441\\u0442\\u0430\\u0442\\u044c\\u044f\\u043c\", \"object\": \"\\u041e\\u0446\\u0435\\u043d\\u043a\\u0430 13\"}}, {\"added\": {\"name\": \"\\u041e\\u0446\\u0435\\u043d\\u043a\\u0430 \\u043a \\u0441\\u0442\\u0430\\u0442\\u044c\\u044f\\u043c\", \"object\": \"\\u041e\\u0446\\u0435\\u043d\\u043a\\u0430 14\"}}, {\"added\": {\"name\": \"\\u041a\\u043e\\u043c\\u043c\\u0435\\u043d\\u0442\\u0430\\u0440\\u0438\\u0439 \\u043a \\u0441\\u0442\\u0430\\u0442\\u044c\\u044f\\u043c\", \"object\": \"\\u041a\\u043e\\u043c\\u043c\\u0435\\u043d\\u0442\\u0430\\u0440\\u0438\\u0439 7\"}}]"
        }
    },
    {
        "model": "admin.logentry",
        "pk": 35,
        "fields": {
            "action_time": "2024-05-17T10:48:53.937Z",
            "user": 1,
            "content_type": 11,
            "object_id": "4",
            "object_repr": "\u0421\u0442\u0430\u0442\u044c\u044f 4",
            "action_flag": 2,
            "change_message": "[{\"added\": {\"name\": \"\\u041e\\u0446\\u0435\\u043d\\u043a\\u0430 \\u043a \\u0441\\u0442\\u0430\\u0442\\u044c\\u044f\\u043c\", \"object\": \"\\u041e\\u0446\\u0435\\u043d\\u043a\\u0430 15\"}}, {\"added\": {\"name\": \"\\u041e\\u0446\\u0435\\u043d\\u043a\\u0430 \\u043a \\u0441\\u0442\\u0430\\u0442\\u044c\\u044f\\u043c\", \"object\": \"\\u041e\\u0446\\u0435\\u043d\\u043a\\u0430 16\"}}, {\"added\": {\"name\": \"\\u041a\\u043e\\u043c\\u043c\\u0435\\u043d\\u0442\\u0430\\u0440\\u0438\\u0439 \\u043a \\u0441\\u0442\\u0430\\u0442\\u044c\\u044f\\u043c\", \"object\": \"\\u041a\\u043e\\u043c\\u043c\\u0435\\u043d\\u0442\\u0430\\u0440\\u0438\\u0439 8\"}}]"
        }
    },
    {
        "model": "admin.logentry",
        "pk": 36,
        "fields": {
            "action_time": "2024-05-17T10:49:10.682Z",
            "user": 1,
            "content_type": 11,
            "object_id": "2",
            "object_repr": "\u0421\u0442\u0430\u0442\u044c\u044f 2",
            "action_flag": 2,
            "change_message": "[{\"added\": {\"name\": \"\\u041a\\u043e\\u043c\\u043c\\u0435\\u043d\\u0442\\u0430\\u0440\\u0438\\u0439 \\u043a \\u0441\\u0442\\u0430\\u0442\\u044c\\u044f\\u043c\", \"object\": \"\\u041a\\u043e\\u043c\\u043c\\u0435\\u043d\\u0442\\u0430\\u0440\\u0438\\u0439 9\"}}, {\"added\": {\"name\": \"\\u041a\\u043e\\u043c\\u043c\\u0435\\u043d\\u0442\\u0430\\u0440\\u0438\\u0439 \\u043a \\u0441\\u0442\\u0430\\u0442\\u044c\\u044f\\u043c\", \"object\": \"\\u041a\\u043e\\u043c\\u043c\\u0435\\u043d\\u0442\\u0430\\u0440\\u0438\\u0439 10\"}}, {\"added\": {\"name\": \"\\u041a\\u043e\\u043c\\u043c\\u0435\\u043d\\u0442\\u0430\\u0440\\u0438\\u0439 \\u043a \\u0441\\u0442\\u0430\\u0442\\u044c\\u044f\\u043c\", \"object\": \"\\u041a\\u043e\\u043c\\u043c\\u0435\\u043d\\u0442\\u0430\\u0440\\u0438\\u0439 11\"}}]"
        }
    },
    {
        "model": "admin.logentry",
        "pk": 37,
        "fields": {
            "action_time": "2024-05-17T10:49:33.152Z",
            "user": 1,
            "content_type": 11,
            "object_id": "1",
            "object_repr": "\u0421\u0442\u0430\u0442\u044c\u044f 1",
            "action_flag": 2,
            "change_message": "[{\"added\": {\"name\": \"\\u041e\\u0446\\u0435\\u043d\\u043a\\u0430 \\u043a \\u0441\\u0442\\u0430\\u0442\\u044c\\u044f\\u043c\", \"object\": \"\\u041e\\u0446\\u0435\\u043d\\u043a\\u0430 17\"}}, {\"added\": {\"name\": \"\\u041a\\u043e\\u043c\\u043c\\u0435\\u043d\\u0442\\u0430\\u0440\\u0438\\u0439 \\u043a \\u0441\\u0442\\u0430\\u0442\\u044c\\u044f\\u043c\", \"object\": \"\\u041a\\u043e\\u043c\\u043c\\u0435\\u043d\\u0442\\u0430\\u0440\\u0438\\u0439 12\"}}, {\"added\": {\"name\": \"\\u041a\\u043e\\u043c\\u043c\\u0435\\u043d\\u0442\\u0430\\u0440\\u0438\\u0439 \\u043a \\u0441\\u0442\\u0430\\u0442\\u044c\\u044f\\u043c\", \"object\": \"\\u041a\\u043e\\u043c\\u043c\\u0435\\u043d\\u0442\\u0430\\u0440\\u0438\\u0439 13\"}}, {\"added\": {\"name\": \"\\u041a\\u043e\\u043c\\u043c\\u0435\\u043d\\u0442\\u0430\\u0440\\u0438\\u0439 \\u043a \\u0441\\u0442\\u0430\\u0442\\u044c\\u044f\\u043c\", \"object\": \"\\u041a\\u043e\\u043c\\u043c\\u0435\\u043d\\u0442\\u0430\\u0440\\u0438\\u0439 14\"}}]"
        }
    },
    {
        "model": "auth.permission",
        "pk": 1,
        "fields": {
            "name": "Can add log entry",
            "content_type": 1,
            "codename": "add_logentry"
        }
    },
    {
        "model": "auth.permission",
        "pk": 2,
        "fields": {
            "name": "Can change log entry",
            "content_type": 1,
            "codename": "change_logentry"
        }
    },
    {
        "model": "auth.permission",
        "pk": 3,
        "fields": {
            "name": "Can delete log entry",
            "content_type": 1,
            "codename": "delete_logentry"
        }
    },
    {
        "model": "auth.permission",
        "pk": 4,
        "fields": {
            "name": "Can view log entry",
            "content_type": 1,
            "codename": "view_logentry"
        }
    },
    {
        "model": "auth.permission",
        "pk": 5,
        "fields": {
            "name": "Can add permission",
            "content_type": 2,
            "codename": "add_permission"
        }
    },
    {
        "model": "auth.permission",
        "pk": 6,
        "fields": {
            "name": "Can change permission",
            "content_type": 2,
            "codename": "change_permission"
        }
    },
    {
        "model": "auth.permission",
        "pk": 7,
        "fields": {
            "name": "Can delete permission",
            "content_type": 2,
            "codename": "delete_permission"
        }
    },
    {
        "model": "auth.permission",
        "pk": 8,
        "fields": {
            "name": "Can view permission",
            "content_type": 2,
            "codename": "view_permission"
        }
    },
    {
        "model": "auth.permission",
        "pk": 9,
        "fields": {
            "name": "Can add group",
            "content_type": 3,
            "codename": "add_group"
        }
    },
    {
        "model": "auth.permission",
        "pk": 10,
        "fields": {
            "name": "Can change group",
            "content_type": 3,
            "codename": "change_group"
        }
    },
    {
        "model": "auth.permission",
        "pk": 11,
        "fields": {
            "name": "Can delete group",
            "content_type": 3,
            "codename": "delete_group"
        }
    },
    {
        "model": "auth.permission",
        "pk": 12,
        "fields": {
            "name": "Can view group",
            "content_type": 3,
            "codename": "view_group"
        }
    },
    {
        "model": "auth.permission",
        "pk": 13,
        "fields": {
            "name": "Can add user",
            "content_type": 4,
            "codename": "add_user"
        }
    },
    {
        "model": "auth.permission",
        "pk": 14,
        "fields": {
            "name": "Can change user",
            "content_type": 4,
            "codename": "change_user"
        }
    },
    {
        "model": "auth.permission",
        "pk": 15,
        "fields": {
            "name": "Can delete user",
            "content_type": 4,
            "codename": "delete_user"
        }
    },
    {
        "model": "auth.permission",
        "pk": 16,
        "fields": {
            "name": "Can view user",
            "content_type": 4,
            "codename": "view_user"
        }
    },
    {
        "model": "auth.permission",
        "pk": 17,
        "fields": {
            "name": "Can add content type",
            "content_type": 5,
            "codename": "add_contenttype"
        }
    },
    {
        "model": "auth.permission",
        "pk": 18,
        "fields": {
            "name": "Can change content type",
            "content_type": 5,
            "codename": "change_contenttype"
        }
    },
    {
        "model": "auth.permission",
        "pk": 19,
        "fields": {
            "name": "Can delete content type",
            "content_type": 5,
            "codename": "delete_contenttype"
        }
    },
    {
        "model": "auth.permission",
        "pk": 20,
        "fields": {
            "name": "Can view content type",
            "content_type": 5,
            "codename": "view_contenttype"
        }
    },
    {
        "model": "auth.permission",
        "pk": 21,
        "fields": {
            "name": "Can add session",
            "content_type": 6,
            "codename": "add_session"
        }
    },
    {
        "model": "auth.permission",
        "pk": 22,
        "fields": {
            "name": "Can change session",
            "content_type": 6,
            "codename": "change_session"
        }
    },
    {
        "model": "auth.permission",
        "pk": 23,
        "fields": {
            "name": "Can delete session",
            "content_type": 6,
            "codename": "delete_session"
        }
    },
    {
        "model": "auth.permission",
        "pk": 24,
        "fields": {
            "name": "Can view session",
            "content_type": 6,
            "codename": "view_session"
        }
    },
    {
        "model": "auth.permission",
        "pk": 25,
        "fields": {
            "name": "Can add \u041a\u043e\u043c\u043c\u0435\u043d\u0442\u0430\u0440\u0438\u0439 \u043a \u0441\u0442\u0430\u0442\u044c\u044f\u043c",
            "content_type": 7,
            "codename": "add_comment"
        }
    },
    {
        "model": "auth.permission",
        "pk": 26,
        "fields": {
            "name": "Can change \u041a\u043e\u043c\u043c\u0435\u043d\u0442\u0430\u0440\u0438\u0439 \u043a \u0441\u0442\u0430\u0442\u044c\u044f\u043c",
            "content_type": 7,
            "codename": "change_comment"
        }
    },
    {
        "model": "auth.permission",
        "pk": 27,
        "fields": {
            "name": "Can delete \u041a\u043e\u043c\u043c\u0435\u043d\u0442\u0430\u0440\u0438\u0439 \u043a \u0441\u0442\u0430\u0442\u044c\u044f\u043c",
            "content_type": 7,
            "codename": "delete_comment"
        }
    },
    {
        "model": "auth.permission",
        "pk": 28,
        "fields": {
            "name": "Can view \u041a\u043e\u043c\u043c\u0435\u043d\u0442\u0430\u0440\u0438\u0439 \u043a \u0441\u0442\u0430\u0442\u044c\u044f\u043c",
            "content_type": 7,
            "codename": "view_comment"
        }
    },
    {
        "model": "auth.permission",
        "pk": 29,
        "fields": {
            "name": "Can add \u041e\u0446\u0435\u043d\u043a\u0430 \u043a \u0441\u0442\u0430\u0442\u044c\u044f\u043c",
            "content_type": 8,
            "codename": "add_rating"
        }
    },
    {
        "model": "auth.permission",
        "pk": 30,
        "fields": {
            "name": "Can change \u041e\u0446\u0435\u043d\u043a\u0430 \u043a \u0441\u0442\u0430\u0442\u044c\u044f\u043c",
            "content_type": 8,
            "codename": "change_rating"
        }
    },
    {
        "model": "auth.permission",
        "pk": 31,
        "fields": {
            "name": "Can delete \u041e\u0446\u0435\u043d\u043a\u0430 \u043a \u0441\u0442\u0430\u0442\u044c\u044f\u043c",
            "content_type": 8,
            "codename": "delete_rating"
        }
    },
    {
        "model": "auth.permission",
        "pk": 32,
        "fields": {
            "name": "Can view \u041e\u0446\u0435\u043d\u043a\u0430 \u043a \u0441\u0442\u0430\u0442\u044c\u044f\u043c",
            "content_type": 8,
            "codename": "view_rating"
        }
    },
    {
        "model": "auth.permission",
        "pk": 33,
        "fields": {
            "name": "Can add \u0410\u0432\u0442\u043e\u0440",
            "content_type": 9,
            "codename": "add_author"
        }
    },
    {
        "model": "auth.permission",
        "pk": 34,
        "fields": {
            "name": "Can change \u0410\u0432\u0442\u043e\u0440",
            "content_type": 9,
            "codename": "change_author"
        }
    },
    {
        "model": "auth.permission",
        "pk": 35,
        "fields": {
            "name": "Can delete \u0410\u0432\u0442\u043e\u0440",
            "content_type": 9,
            "codename": "delete_author"
        }
    },
    {
        "model": "auth.permission",
        "pk": 36,
        "fields": {
            "name": "Can view \u0410\u0432\u0442\u043e\u0440",
            "content_type": 9,
            "codename": "view_author"
        }
    },
    {
        "model": "auth.permission",
        "pk": 37,
        "fields": {
            "name": "Can add \u0418\u043d\u0444\u043e \u043e\u0431 \u0430\u0432\u0442\u043e\u0440\u0435",
            "content_type": 10,
            "codename": "add_authorinfo"
        }
    },
    {
        "model": "auth.permission",
        "pk": 38,
        "fields": {
            "name": "Can change \u0418\u043d\u0444\u043e \u043e\u0431 \u0430\u0432\u0442\u043e\u0440\u0435",
            "content_type": 10,
            "codename": "change_authorinfo"
        }
    },
    {
        "model": "auth.permission",
        "pk": 39,
        "fields": {
            "name": "Can delete \u0418\u043d\u0444\u043e \u043e\u0431 \u0430\u0432\u0442\u043e\u0440\u0435",
            "content_type": 10,
            "codename": "delete_authorinfo"
        }
    },
    {
        "model": "auth.permission",
        "pk": 40,
        "fields": {
            "name": "Can view \u0418\u043d\u0444\u043e \u043e\u0431 \u0430\u0432\u0442\u043e\u0440\u0435",
            "content_type": 10,
            "codename": "view_authorinfo"
        }
    },
    {
        "model": "auth.permission",
        "pk": 41,
        "fields": {
            "name": "Can add \u0421\u0442\u0430\u0442\u044c\u044f",
            "content_type": 11,
            "codename": "add_article"
        }
    },
    {
        "model": "auth.permission",
        "pk": 42,
        "fields": {
            "name": "Can change \u0421\u0442\u0430\u0442\u044c\u044f",
            "content_type": 11,
            "codename": "change_article"
        }
    },
    {
        "model": "auth.permission",
        "pk": 43,
        "fields": {
            "name": "Can delete \u0421\u0442\u0430\u0442\u044c\u044f",
            "content_type": 11,
            "codename": "delete_article"
        }
    },
    {
        "model": "auth.permission",
        "pk": 44,
        "fields": {
            "name": "Can view \u0421\u0442\u0430\u0442\u044c\u044f",
            "content_type": 11,
            "codename": "view_article"
        }
    },
    {
        "model": "auth.permission",
        "pk": 45,
        "fields": {
            "name": "Can add \u0418\u0441\u0442\u043e\u0447\u043d\u0438\u043a",
            "content_type": 12,
            "codename": "add_source"
        }
    },
    {
        "model": "auth.permission",
        "pk": 46,
        "fields": {
            "name": "Can change \u0418\u0441\u0442\u043e\u0447\u043d\u0438\u043a",
            "content_type": 12,
            "codename": "change_source"
        }
    },
    {
        "model": "auth.permission",
        "pk": 47,
        "fields": {
            "name": "Can delete \u0418\u0441\u0442\u043e\u0447\u043d\u0438\u043a",
            "content_type": 12,
            "codename": "delete_source"
        }
    },
    {
        "model": "auth.permission",
        "pk": 48,
        "fields": {
            "name": "Can view \u0418\u0441\u0442\u043e\u0447\u043d\u0438\u043a",
            "content_type": 12,
            "codename": "view_source"
        }
    },
    {
        "model": "auth.permission",
        "pk": 49,
        "fields": {
            "name": "Can add \u0422\u0435\u0433",
            "content_type": 13,
            "codename": "add_tag"
        }
    },
    {
        "model": "auth.permission",
        "pk": 50,
        "fields": {
            "name": "Can change \u0422\u0435\u0433",
            "content_type": 13,
            "codename": "change_tag"
        }
    },
    {
        "model": "auth.permission",
        "pk": 51,
        "fields": {
            "name": "Can delete \u0422\u0435\u0433",
            "content_type": 13,
            "codename": "delete_tag"
        }
    },
    {
        "model": "auth.permission",
        "pk": 52,
        "fields": {
            "name": "Can view \u0422\u0435\u0433",
            "content_type": 13,
            "codename": "view_tag"
        }
    },
    {
        "model": "auth.user",
        "pk": 1,
        "fields": {
            "password": "pbkdf2_sha256$720000$jUf6TVjVEv6QJUFChnWlfa$4xD56y734YoT6ebzXeXQ4fMCq26Kxxvmy7xn10WM+lM=",
            "last_login": "2024-05-17T09:19:43.014Z",
            "is_superuser": true,
            "username": "admin",
            "first_name": "",
            "last_name": "",
            "email": "admin@admin.ru",
            "is_staff": true,
            "is_active": true,
            "date_joined": "2024-05-17T09:19:35.879Z",
            "groups": [],
            "user_permissions": []
        }
    },
    {
        "model": "sessions.session",
        "pk": "vmoyd78dw0qrr54yhu6f7ao2q1n3m4yv",
        "fields": {
            "session_data": ".eJxVjEEOwiAQRe_C2hAGShGX7nsGMsOAVA0kpV0Z765NutDtf-_9lwi4rSVsPS1hZnERIE6_G2F8pLoDvmO9NRlbXZeZ5K7Ig3Y5NU7P6-H-HRTs5Vv7YXQRnI7mzAyowKA11hCzVZBS9g44gifMPkd2Ko_OakekKVkgPYj3B-CTOCU:1s7tkd:NTXSJ6f3nz92oiTpRd4kSPo5oChvqMPQjR2UrN-aUGo",
            "expire_date": "2024-05-31T09:19:43.017Z"
        }
    },
    {
        "model": "articles.comment",
        "pk": 1,
        "fields": {
            "article": 12,
            "message": "\u041a\u043e\u043c\u043c\u0435\u043d\u0442",
            "source": "web"
        }
    },
    {
        "model": "articles.comment",
        "pk": 2,
        "fields": {
            "article": 12,
            "message": "\u041a\u043e\u043c\u043c\u0435\u043d\u0442",
            "source": "mobile"
        }
    },
    {
        "model": "articles.comment",
        "pk": 3,
        "fields": {
            "article": 12,
            "message": "\u041a\u043e\u043c\u043c\u0435\u043d\u0442",
            "source": "web"
        }
    },
    {
        "model": "articles.comment",
        "pk": 4,
        "fields": {
            "article": 10,
            "message": "\u041a\u043e\u043c\u043c\u0435\u043d\u0442",
            "source": "web"
        }
    },
    {
        "model": "articles.comment",
        "pk": 5,
        "fields": {
            "article": 9,
            "message": "\u041a\u043e\u043c\u043c\u0435\u043d\u0442\u0430\u0440\u0438\u0439",
            "source": "mobile"
        }
    },
    {
        "model": "articles.comment",
        "pk": 6,
        "fields": {
            "article": 7,
            "message": "\u041a\u043e\u043c\u043c\u0435\u043d\u0442\u0430\u0440\u0438\u0439",
            "source": "web"
        }
    },
    {
        "model": "articles.comment",
        "pk": 7,
        "fields": {
            "article": 6,
            "message": "\u041a\u043e\u043c\u043c\u0435\u043d\u0442\u0430\u0440\u0438\u0439",
            "source": "mobile"
        }
    },
    {
        "model": "articles.comment",
        "pk": 8,
        "fields": {
            "article": 4,
            "message": "\u041a\u043e\u043c\u043c\u0435\u043d\u0442\u0430\u0440\u0438\u0439",
            "source": "mobile"
        }
    },
    {
        "model": "articles.comment",
        "pk": 9,
        "fields": {
            "article": 2,
            "message": "\u041a\u043e\u043c\u043c\u0435\u043d\u0442\u0430\u0440\u0438\u0439",
            "source": "mobile"
        }
    },
    {
        "model": "articles.comment",
        "pk": 10,
        "fields": {
            "article": 2,
            "message": "\u041a\u043e\u043c\u043c\u0435\u043d\u0442\u0430\u0440\u0438\u0439",
            "source": "mobile"
        }
    },
    {
        "model": "articles.comment",
        "pk": 11,
        "fields": {
            "article": 2,
            "message": "\u041a\u043e\u043c\u043c\u0435\u043d\u0442\u0430\u0440\u0438\u0439",
            "source": "mobile"
        }
    },
    {
        "model": "articles.comment",
        "pk": 12,
        "fields": {
            "article": 1,
            "message": "\u041a\u043e\u043c\u043c\u0435\u043d\u0442\u0430\u0440\u0438\u0439",
            "source": "web"
        }
    },
    {
        "model": "articles.comment",
        "pk": 13,
        "fields": {
            "article": 1,
            "message": "\u041a\u043e\u043c\u043c\u0435\u043d\u0442\u0430\u0440\u0438\u0439",
            "source": "web"
        }
    },
    {
        "model": "articles.comment",
        "pk": 14,
        "fields": {
            "article": 1,
            "message": "\u041a\u043e\u043c\u043c\u0435\u043d\u0442\u0430\u0440\u0438\u0439",
            "source": "web"
        }
    },
    {
        "model": "articles.rating",
        "pk": 1,
        "fields": {
            "article": 12,
            "rate": 5,
            "source": "web"
        }
    },
    {
        "model": "articles.rating",
        "pk": 2,
        "fields": {
            "article": 12,
            "rate": 4,
            "source": "web"
        }
    },
    {
        "model": "articles.rating",
        "pk": 3,
        "fields": {
            "article": 12,
            "rate": 3,
            "source": "mobile"
        }
    },
    {
        "model": "articles.rating",
        "pk": 4,
        "fields": {
            "article": 10,
            "rate": 5,
            "source": "web"
        }
    },
    {
        "model": "articles.rating",
        "pk": 5,
        "fields": {
            "article": 9,
            "rate": 5,
            "source": "mobile"
        }
    },
    {
        "model": "articles.rating",
        "pk": 6,
        "fields": {
            "article": 8,
            "rate": 4,
            "source": "mobile"
        }
    },
    {
        "model": "articles.rating",
        "pk": 7,
        "fields": {
            "article": 8,
            "rate": 3,
            "source": "mobile"
        }
    },
    {
        "model": "articles.rating",
        "pk": 8,
        "fields": {
            "article": 8,
            "rate": 5,
            "source": "mobile"
        }
    },
    {
        "model": "articles.rating",
        "pk": 9,
        "fields": {
            "article": 8,
            "rate": 5,
            "source": "mobile"
        }
    },
    {
        "model": "articles.rating",
        "pk": 10,
        "fields": {
            "article": 7,
            "rate": 1,
            "source": "web"
        }
    },
    {
        "model": "articles.rating",
        "pk": 11,
        "fields": {
            "article": 7,
            "rate": 1,
            "source": "mobile"
        }
    },
    {
        "model": "articles.rating",
        "pk": 12,
        "fields": {
            "article": 7,
            "rate": 2,
            "source": "mobile"
        }
    },
    {
        "model": "articles.rating",
        "pk": 13,
        "fields": {
            "article": 6,
            "rate": 5,
            "source": "web"
        }
    },
    {
        "model": "articles.rating",
        "pk": 14,
        "fields": {
            "article": 6,
            "rate": 4,
            "source": "web"
        }
    },
    {
        "model": "articles.rating",
        "pk": 15,
        "fields": {
            "article": 4,
            "rate": 4,
            "source": "web"
        }
    },
    {
        "model": "articles.rating",
        "pk": 16,
        "fields": {
            "article": 4,
            "rate": 4,
            "source": "mobile"
        }
    },
    {
        "model": "articles.rating",
        "pk": 17,
        "fields": {
            "article": 1,
            "rate": 3,
            "source": "mobile"
        }
    },
    {
        "model": "articles.author",
        "pk": 1,
        "fields": {
            "full_name": "\u0418\u0432\u0430\u043d\u043e\u0432 \u0418\u0432\u0430\u043d \u0418\u0432\u0430\u043d\u043e\u0432\u0438\u0447",
            "dob": "2000-01-17"
        }
    },
    {
        "model": "articles.author",
        "pk": 2,
        "fields": {
            "full_name": "\u0421\u0438\u0434\u0435\u043b\u044c\u043d\u0438\u043a\u043e\u0432 \u041f\u0435\u0442\u0440 \u041b\u0435\u043e\u043d\u0438\u0434\u043e\u0432\u0438\u0447",
            "dob": "1996-03-17"
        }
    },
    {
        "model": "articles.author",
        "pk": 3,
        "fields": {
            "full_name": "\u041a\u0443\u0440\u043f\u0430\u0442\u0438\u043d\u0430 \u0415\u043a\u0430\u0442\u0435\u0440\u0438\u043d\u0430 \u0410\u043b\u0435\u043a\u0441\u0430\u043d\u0434\u0440\u043e\u0432\u043d\u0430",
            "dob": "1991-11-12"
        }
    },
    {
        "model": "articles.author",
        "pk": 4,
        "fields": {
            "full_name": "\u041a\u0440\u0438\u043e\u0432\u0448\u0435\u0435\u0432 \u0421\u0435\u0440\u0433\u0435\u0439 \u042e\u0440\u044c\u0435\u0432\u0438\u0447",
            "dob": "1993-04-22"
        }
    },
    {
        "model": "articles.author",
        "pk": 5,
        "fields": {
            "full_name": "\u0421\u0435\u0440\u0435\u0431\u0440\u044f\u043a\u043e\u0432 \u041a\u0438\u0440\u0438\u043b\u043b \u041f\u0430\u0432\u043b\u043e\u0432\u0438\u0447",
            "dob": "1985-09-03"
        }
    },
    {
        "model": "articles.authorinfo",
        "pk": 1,
        "fields": {
            "email": "i.ivanov@admin.ru",
            "phone": null
        }
    },
    {
        "model": "articles.authorinfo",
        "pk": 2,
        "fields": {
            "email": null,
            "phone": "+79888888811"
        }
    },
    {
        "model": "articles.authorinfo",
        "pk": 3,
        "fields": {
            "email": "super_star@mail.ru",
            "phone": "+79999999994"
        }
    },
    {
        "model": "articles.article",
        "pk": 1,
        "fields": {
            "author": 1,
            "title": "\u0418\u043d\u0442\u0435\u0440\u043d\u0435\u0442-\u0442\u043e\u0440\u0433\u043e\u0432\u043b\u044f \u043d\u0430\u0431\u0438\u0440\u0430\u0435\u0442 \u043f\u043e\u043f\u0443\u043b\u044f\u0440\u043d\u043e\u0441\u0442\u044c \u0432\u043e \u0432\u0441\u0435\u043c \u043c\u0438\u0440\u0435",
            "text": "\u0418\u043d\u0442\u0435\u0440\u043d\u0435\u0442-\u0442\u043e\u0440\u0433\u043e\u0432\u043b\u044f \u043d\u0430\u0431\u0438\u0440\u0430\u0435\u0442 \u043f\u043e\u043f\u0443\u043b\u044f\u0440\u043d\u043e\u0441\u0442\u044c \u0432\u043e \u0432\u0441\u0435\u043c \u043c\u0438\u0440\u0435. \u0423\u0434\u043e\u0431\u0441\u0442\u0432\u043e \u043e\u043d\u043b\u0430\u0439\u043d-\u043f\u043e\u043a\u0443\u043f\u043e\u043a \u043f\u0440\u0438\u0432\u043b\u0435\u043a\u0430\u0435\u0442 \u0432\u0441\u0435 \u0431\u043e\u043b\u044c\u0448\u0435\u0435 \u043a\u043e\u043b\u0438\u0447\u0435\u0441\u0442\u0432\u043e \u043f\u043e\u0442\u0440\u0435\u0431\u0438\u0442\u0435\u043b\u0435\u0439.",
            "publish_date": "2024-01-05",
            "tags": [
                "sport",
                "travel"
            ]
        }
    },
    {
        "model": "articles.article",
        "pk": 2,
        "fields": {
            "author": 1,
            "title": "\u0418\u0441\u043a\u0443\u0441\u0441\u0442\u0432\u0435\u043d\u043d\u044b\u0439 \u0438\u043d\u0442\u0435\u043b\u043b\u0435\u043a\u0442 (\u0418\u0418) \u0431\u044b\u0441\u0442\u0440\u043e \u0440\u0430\u0437\u0432\u0438\u0432\u0430\u0435\u0442\u0441\u044f",
            "text": "\u0418\u0441\u043a\u0443\u0441\u0441\u0442\u0432\u0435\u043d\u043d\u044b\u0439 \u0438\u043d\u0442\u0435\u043b\u043b\u0435\u043a\u0442 (\u0418\u0418) \u0431\u044b\u0441\u0442\u0440\u043e \u0440\u0430\u0437\u0432\u0438\u0432\u0430\u0435\u0442\u0441\u044f \u0438 \u043e\u043a\u0430\u0437\u044b\u0432\u0430\u0435\u0442 \u0441\u0443\u0449\u0435\u0441\u0442\u0432\u0435\u043d\u043d\u043e\u0435 \u0432\u043b\u0438\u044f\u043d\u0438\u0435 \u043d\u0430 \u0440\u0430\u0437\u043b\u0438\u0447\u043d\u044b\u0435 \u043e\u0442\u0440\u0430\u0441\u043b\u0438. \u0418\u0418-\u043f\u0440\u0438\u043b\u043e\u0436\u0435\u043d\u0438\u044f \u0430\u0432\u0442\u043e\u043c\u0430\u0442\u0438\u0437\u0438\u0440\u0443\u044e\u0442 \u0437\u0430\u0434\u0430\u0447\u0438 \u0438 \u0443\u043b\u0443\u0447\u0448\u0430\u044e\u0442 \u043f\u0440\u0438\u043d\u044f\u0442\u0438\u0435 \u0440\u0435\u0448\u0435\u043d\u0438\u0439.",
            "publish_date": "2024-01-17",
            "tags": [
                "dev",
                "finance"
            ]
        }
    },
    {
        "model": "articles.article",
        "pk": 3,
        "fields": {
            "author": 2,
            "title": "\u041e\u0431\u043b\u0430\u0447\u043d\u044b\u0435 \u0432\u044b\u0447\u0438\u0441\u043b\u0435\u043d\u0438\u044f \u0441\u0442\u0430\u043b\u0438 \u0432\u0430\u0436\u043d\u044b\u043c \u0438\u043d\u0441\u0442\u0440\u0443\u043c\u0435\u043d\u0442\u043e\u043c \u0434\u043b\u044f \u043f\u0440\u0435\u0434\u043f\u0440\u0438\u044f\u0442\u0438\u0439 \u0432\u0441\u0435\u0445 \u0440\u0430\u0437\u043c\u0435\u0440\u043e\u0432",
            "text": "\u041e\u0431\u043b\u0430\u0447\u043d\u044b\u0435 \u0432\u044b\u0447\u0438\u0441\u043b\u0435\u043d\u0438\u044f \u0441\u0442\u0430\u043b\u0438 \u0432\u0430\u0436\u043d\u044b\u043c \u0438\u043d\u0441\u0442\u0440\u0443\u043c\u0435\u043d\u0442\u043e\u043c \u0434\u043b\u044f \u043f\u0440\u0435\u0434\u043f\u0440\u0438\u044f\u0442\u0438\u0439 \u0432\u0441\u0435\u0445 \u0440\u0430\u0437\u043c\u0435\u0440\u043e\u0432. \u041e\u0431\u043b\u0430\u0447\u043d\u044b\u0435 \u043f\u043b\u0430\u0442\u0444\u043e\u0440\u043c\u044b \u043f\u0440\u0435\u0434\u043e\u0441\u0442\u0430\u0432\u043b\u044f\u044e\u0442 \u0433\u0438\u0431\u043a\u043e\u0441\u0442\u044c, \u043c\u0430\u0441\u0448\u0442\u0430\u0431\u0438\u0440\u0443\u0435\u043c\u043e\u0441\u0442\u044c \u0438 \u0441\u043d\u0438\u0436\u0430\u044e\u0442 \u0437\u0430\u0442\u0440\u0430\u0442\u044b \u043d\u0430 \u0418\u0422.",
            "publish_date": "2024-02-02",
            "tags": [
                "dev"
            ]
        }
    },
    {
        "model": "articles.article",
        "pk": 4,
        "fields": {
            "author": 2,
            "title": "\u0412\u0438\u0440\u0442\u0443\u0430\u043b\u044c\u043d\u0430\u044f \u0440\u0435\u0430\u043b\u044c\u043d\u043e\u0441\u0442\u044c (VR) \u0438 \u0434\u043e\u043f\u043e\u043b\u043d\u0435\u043d\u043d\u0430\u044f \u0440\u0435\u0430\u043b\u044c\u043d\u043e\u0441\u0442\u044c (AR) \u0441\u0442\u0430\u043d\u043e\u0432\u044f\u0442\u0441\u044f \u0432\u0441\u0435 \u0431\u043e\u043b\u0435\u0435 \u043f\u043e\u043f\u0443\u043b\u044f\u0440\u043d\u044b\u043c\u0438",
            "text": "\u0412\u0438\u0440\u0442\u0443\u0430\u043b\u044c\u043d\u0430\u044f \u0440\u0435\u0430\u043b\u044c\u043d\u043e\u0441\u0442\u044c (VR) \u0438 \u0434\u043e\u043f\u043e\u043b\u043d\u0435\u043d\u043d\u0430\u044f \u0440\u0435\u0430\u043b\u044c\u043d\u043e\u0441\u0442\u044c (AR) \u0441\u0442\u0430\u043d\u043e\u0432\u044f\u0442\u0441\u044f \u0432\u0441\u0435 \u0431\u043e\u043b\u0435\u0435 \u043f\u043e\u043f\u0443\u043b\u044f\u0440\u043d\u044b\u043c\u0438. \u042d\u0442\u0438 \u0442\u0435\u0445\u043d\u043e\u043b\u043e\u0433\u0438\u0438 \u0441\u043e\u0437\u0434\u0430\u044e\u0442 \u0437\u0430\u0445\u0432\u0430\u0442\u044b\u0432\u0430\u044e\u0449\u0438\u0435 \u0438 \u0438\u043d\u0442\u0435\u0440\u0430\u043a\u0442\u0438\u0432\u043d\u044b\u0435 \u043f\u043e\u043b\u044c\u0437\u043e\u0432\u0430\u0442\u0435\u043b\u044c\u0441\u043a\u0438\u0435 \u0432\u043f\u0435\u0447\u0430\u0442\u043b\u0435\u043d\u0438\u044f.",
            "publish_date": "2023-02-07",
            "tags": [
                "finance",
                "travel"
            ]
        }
    },
    {
        "model": "articles.article",
        "pk": 5,
        "fields": {
            "author": 3,
            "title": "\u0418\u043d\u0442\u0435\u0440\u043d\u0435\u0442 \u0432\u0435\u0449\u0435\u0439 (IoT) \u0441\u043e\u0435\u0434\u0438\u043d\u044f\u0435\u0442 \u0444\u0438\u0437\u0438\u0447\u0435\u0441\u043a\u0438\u0435 \u0443\u0441\u0442\u0440\u043e\u0439\u0441\u0442\u0432\u0430 \u0441 \u0438\u043d\u0442\u0435\u0440\u043d\u0435\u0442\u043e\u043c",
            "text": "\u0418\u043d\u0442\u0435\u0440\u043d\u0435\u0442 \u0432\u0435\u0449\u0435\u0439 (IoT) \u0441\u043e\u0435\u0434\u0438\u043d\u044f\u0435\u0442 \u0444\u0438\u0437\u0438\u0447\u0435\u0441\u043a\u0438\u0435 \u0443\u0441\u0442\u0440\u043e\u0439\u0441\u0442\u0432\u0430 \u0441 \u0438\u043d\u0442\u0435\u0440\u043d\u0435\u0442\u043e\u043c. \u042d\u0442\u043e \u043f\u043e\u0437\u0432\u043e\u043b\u044f\u0435\u0442 \u0434\u0438\u0441\u0442\u0430\u043d\u0446\u0438\u043e\u043d\u043d\u043e \u043a\u043e\u043d\u0442\u0440\u043e\u043b\u0438\u0440\u043e\u0432\u0430\u0442\u044c \u0438 \u0443\u043f\u0440\u0430\u0432\u043b\u044f\u0442\u044c \u0443\u0441\u0442\u0440\u043e\u0439\u0441\u0442\u0432\u0430\u043c\u0438, \u0443\u043b\u0443\u0447\u0448\u0430\u044f \u044d\u0444\u0444\u0435\u043a\u0442\u0438\u0432\u043d\u043e\u0441\u0442\u044c \u0438 \u0443\u0434\u043e\u0431\u0441\u0442\u0432\u043e.",
            "publish_date": "2023-05-11",
            "tags": [
                "dev",
                "travel"
            ]
        }
    },
    {
        "model": "articles.article",
        "pk": 6,
        "fields": {
            "author": 3,
            "title": "\u041a\u0438\u0431\u0435\u0440\u0431\u0435\u0437\u043e\u043f\u0430\u0441\u043d\u043e\u0441\u0442\u044c \u0438\u043c\u0435\u0435\u0442 \u0440\u0435\u0448\u0430\u044e\u0449\u0435\u0435 \u0437\u043d\u0430\u0447\u0435\u043d\u0438\u0435 \u0432 \u0441\u043e\u0432\u0440\u0435\u043c\u0435\u043d\u043d\u043e\u043c \u0446\u0438\u0444\u0440\u043e\u0432\u043e\u043c \u043c\u0438\u0440\u0435",
            "text": "\u041a\u0438\u0431\u0435\u0440\u0431\u0435\u0437\u043e\u043f\u0430\u0441\u043d\u043e\u0441\u0442\u044c \u0438\u043c\u0435\u0435\u0442 \u0440\u0435\u0448\u0430\u044e\u0449\u0435\u0435 \u0437\u043d\u0430\u0447\u0435\u043d\u0438\u0435 \u0432 \u0441\u043e\u0432\u0440\u0435\u043c\u0435\u043d\u043d\u043e\u043c \u0446\u0438\u0444\u0440\u043e\u0432\u043e\u043c \u043c\u0438\u0440\u0435. \u041e\u043d\u0430 \u0437\u0430\u0449\u0438\u0449\u0430\u0435\u0442 \u0441\u0438\u0441\u0442\u0435\u043c\u044b \u0438 \u0434\u0430\u043d\u043d\u044b\u0435 \u043e\u0442 \u043a\u0438\u0431\u0435\u0440\u0430\u0442\u0430\u043a, \u043e\u0431\u0435\u0441\u043f\u0435\u0447\u0438\u0432\u0430\u044f \u043a\u043e\u043d\u0444\u0438\u0434\u0435\u043d\u0446\u0438\u0430\u043b\u044c\u043d\u043e\u0441\u0442\u044c \u0438 \u0446\u0435\u043b\u043e\u0441\u0442\u043d\u043e\u0441\u0442\u044c.",
            "publish_date": "2023-07-17",
            "tags": [
                "finance",
                "sport",
                "travel"
            ]
        }
    },
    {
        "model": "articles.article",
        "pk": 7,
        "fields": {
            "author": 4,
            "title": "\u041c\u0430\u0440\u043a\u0435\u0442\u0438\u043d\u0433 \u0432 \u0441\u043e\u0446\u0438\u0430\u043b\u044c\u043d\u044b\u0445 \u0441\u0435\u0442\u044f\u0445 \u044f\u0432\u043b\u044f\u0435\u0442\u0441\u044f \u043c\u043e\u0449\u043d\u044b\u043c \u0438\u043d\u0441\u0442\u0440\u0443\u043c\u0435\u043d\u0442\u043e\u043c \u0434\u043b\u044f \u043f\u0440\u0435\u0434\u043f\u0440\u0438\u044f\u0442\u0438\u0439",
            "text": "\u041c\u0430\u0440\u043a\u0435\u0442\u0438\u043d\u0433 \u0432 \u0441\u043e\u0446\u0438\u0430\u043b\u044c\u043d\u044b\u0445 \u0441\u0435\u0442\u044f\u0445 \u044f\u0432\u043b\u044f\u0435\u0442\u0441\u044f \u043c\u043e\u0449\u043d\u044b\u043c \u0438\u043d\u0441\u0442\u0440\u0443\u043c\u0435\u043d\u0442\u043e\u043c \u0434\u043b\u044f \u043f\u0440\u0435\u0434\u043f\u0440\u0438\u044f\u0442\u0438\u0439, \u0441\u0442\u0440\u0435\u043c\u044f\u0449\u0438\u0445\u0441\u044f \u043e\u0445\u0432\u0430\u0442\u0438\u0442\u044c \u0446\u0435\u043b\u0435\u0432\u0443\u044e \u0430\u0443\u0434\u0438\u0442\u043e\u0440\u0438\u044e. \u041f\u043b\u0430\u0442\u0444\u043e\u0440\u043c\u044b \u0441\u043e\u0446\u0438\u0430\u043b\u044c\u043d\u044b\u0445 \u0441\u0435\u0442\u0435\u0439 \u043f\u0440\u0435\u0434\u043e\u0441\u0442\u0430\u0432\u043b\u044f\u044e\u0442 \u0432\u043e\u0437\u043c\u043e\u0436\u043d\u043e\u0441\u0442\u0438 \u0434\u043b\u044f \u043f\u043e\u0441\u0442\u0440\u043e\u0435\u043d\u0438\u044f \u0431\u0440\u0435\u043d\u0434\u0430, \u0433\u0435\u043d\u0435\u0440\u0430\u0446\u0438\u0438 \u043b\u0438\u0434\u043e\u0432 \u0438 \u043f\u043e\u0432\u044b\u0448\u0435\u043d\u0438\u044f \u0432\u043e\u0432\u043b\u0435\u0447\u0435\u043d\u043d\u043e\u0441\u0442\u0438.",
            "publish_date": "2023-12-27",
            "tags": [
                "travel"
            ]
        }
    },
    {
        "model": "articles.article",
        "pk": 8,
        "fields": {
            "author": 4,
            "title": "\u043b\u043e\u043a\u0447\u0435\u0439\u043d - \u044d\u0442\u043e \u0440\u0430\u0441\u043f\u0440\u0435\u0434\u0435\u043b\u0435\u043d\u043d\u0430\u044f \u0442\u0435\u0445\u043d\u043e\u043b\u043e\u0433\u0438\u044f",
            "text": "\u043b\u043e\u043a\u0447\u0435\u0439\u043d - \u044d\u0442\u043e \u0440\u0430\u0441\u043f\u0440\u0435\u0434\u0435\u043b\u0435\u043d\u043d\u0430\u044f \u0442\u0435\u0445\u043d\u043e\u043b\u043e\u0433\u0438\u044f, \u043a\u043e\u0442\u043e\u0440\u0430\u044f \u0440\u0435\u0432\u043e\u043b\u044e\u0446\u0438\u043e\u043d\u0438\u0437\u0438\u0440\u0443\u0435\u0442 \u0440\u0430\u0437\u043b\u0438\u0447\u043d\u044b\u0435 \u043e\u0442\u0440\u0430\u0441\u043b\u0438. \u0411\u043b\u043e\u043a\u0447\u0435\u0439\u043d \u043e\u0431\u0435\u0441\u043f\u0435\u0447\u0438\u0432\u0430\u0435\u0442 \u0431\u0435\u0437\u043e\u043f\u0430\u0441\u043d\u043e\u0441\u0442\u044c, \u043f\u0440\u043e\u0437\u0440\u0430\u0447\u043d\u043e\u0441\u0442\u044c \u0438 \u044d\u0444\u0444\u0435\u043a\u0442\u0438\u0432\u043d\u043e\u0441\u0442\u044c \u0434\u043b\u044f \u0440\u0430\u0437\u043b\u0438\u0447\u043d\u044b\u0445 \u043f\u0440\u0438\u043b\u043e\u0436\u0435\u043d\u0438\u0439.",
            "publish_date": "2024-03-22",
            "tags": [
                "finance",
                "travel"
            ]
        }
    },
    {
        "model": "articles.article",
        "pk": 9,
        "fields": {
            "author": 5,
            "title": "\u0423\u043f\u0440\u0430\u0432\u043b\u0435\u043d\u0438\u0435 \u0446\u0435\u043f\u043e\u0447\u043a\u0430\u043c\u0438 \u043f\u043e\u0441\u0442\u0430\u0432\u043e\u043a \u0441\u0442\u0430\u043d\u043e\u0432\u0438\u0442\u0441\u044f \u0432\u0441\u0435 \u0431\u043e\u043b\u0435\u0435 \u0441\u043b\u043e\u0436\u043d\u044b\u043c",
            "text": "\u0423\u043f\u0440\u0430\u0432\u043b\u0435\u043d\u0438\u0435 \u0446\u0435\u043f\u043e\u0447\u043a\u0430\u043c\u0438 \u043f\u043e\u0441\u0442\u0430\u0432\u043e\u043a \u0441\u0442\u0430\u043d\u043e\u0432\u0438\u0442\u0441\u044f \u0432\u0441\u0435 \u0431\u043e\u043b\u0435\u0435 \u0441\u043b\u043e\u0436\u043d\u044b\u043c. \u0418\u043d\u0442\u0435\u0433\u0440\u0438\u0440\u043e\u0432\u0430\u043d\u043d\u044b\u0435 \u0440\u0435\u0448\u0435\u043d\u0438\u044f \u0443\u043f\u0440\u0430\u0432\u043b\u0435\u043d\u0438\u044f \u0446\u0435\u043f\u043e\u0447\u043a\u0430\u043c\u0438 \u043f\u043e\u0441\u0442\u0430\u0432\u043e\u043a \u043e\u043f\u0442\u0438\u043c\u0438\u0437\u0438\u0440\u0443\u044e\u0442 \u043f\u0440\u043e\u0446\u0435\u0441\u0441\u044b, \u0441\u043e\u043a\u0440\u0430\u0449\u0430\u044e\u0442 \u0437\u0430\u0442\u0440\u0430\u0442\u044b \u0438 \u0443\u043b\u0443\u0447\u0448\u0430\u044e\u0442 \u0432\u0438\u0434\u0438\u043c\u043e\u0441\u0442\u044c.",
            "publish_date": "2024-04-04",
            "tags": [
                "dev",
                "finance"
            ]
        }
    },
    {
        "model": "articles.article",
        "pk": 10,
        "fields": {
            "author": 5,
            "title": "\u0420\u0430\u0437\u0440\u0430\u0431\u043e\u0442\u043a\u0430 \u043f\u0440\u043e\u0433\u0440\u0430\u043c\u043c\u043d\u043e\u0433\u043e \u043e\u0431\u0435\u0441\u043f\u0435\u0447\u0435\u043d\u0438\u044f \u043c\u0435\u0442\u043e\u0434\u043e\u043c Agile",
            "text": "\u0420\u0430\u0437\u0440\u0430\u0431\u043e\u0442\u043a\u0430 \u043f\u0440\u043e\u0433\u0440\u0430\u043c\u043c\u043d\u043e\u0433\u043e \u043e\u0431\u0435\u0441\u043f\u0435\u0447\u0435\u043d\u0438\u044f \u043c\u0435\u0442\u043e\u0434\u043e\u043c Agile \u043f\u043e\u0437\u0432\u043e\u043b\u044f\u0435\u0442 \u043a\u043e\u043c\u0430\u043d\u0434\u0430\u043c \u0441\u043e\u0437\u0434\u0430\u0432\u0430\u0442\u044c \u0438 \u0432\u044b\u043f\u0443\u0441\u043a\u0430\u0442\u044c \u043f\u0440\u043e\u0434\u0443\u043a\u0442\u044b \u0441 \u0431\u043e\u043b\u044c\u0448\u0435\u0439 \u0433\u0438\u0431\u043a\u043e\u0441\u0442\u044c\u044e \u0438 \u0441\u043a\u043e\u0440\u043e\u0441\u0442\u044c\u044e. \u042d\u0442\u043e\u0442 \u043f\u043e\u0434\u0445\u043e\u0434 \u0441\u043e\u0441\u0440\u0435\u0434\u043e\u0442\u043e\u0447\u0435\u043d \u043d\u0430 \u0441\u043e\u0442\u0440\u0443\u0434\u043d\u0438\u0447\u0435\u0441\u0442\u0432\u0435, \u0431\u044b\u0441\u0442\u0440\u043e\u0439 \u043e\u0431\u0440\u0430\u0442\u043d\u043e\u0439 \u0441\u0432\u044f\u0437\u0438 \u0438 \u043f\u043e\u0441\u0442\u043e\u044f\u043d\u043d\u043e\u043c \u0443\u043b\u0443\u0447\u0448\u0435\u043d\u0438\u0438.",
            "publish_date": "2024-05-17",
            "tags": [
                "dev"
            ]
        }
    },
    {
        "model": "articles.article",
        "pk": 11,
        "fields": {
            "author": 5,
            "title": "\u0411\u043e\u043b\u044c\u0448\u0438\u0435 \u0434\u0430\u043d\u043d\u044b\u0435 - \u044d\u0442\u043e \u043e\u0433\u0440\u043e\u043c\u043d\u044b\u0435 \u043d\u0430\u0431\u043e\u0440\u044b \u0434\u0430\u043d\u043d\u044b\u0445",
            "text": "\u0411\u043e\u043b\u044c\u0448\u0438\u0435 \u0434\u0430\u043d\u043d\u044b\u0435 - \u044d\u0442\u043e \u043e\u0433\u0440\u043e\u043c\u043d\u044b\u0435 \u043d\u0430\u0431\u043e\u0440\u044b \u0434\u0430\u043d\u043d\u044b\u0445, \u043a\u043e\u0442\u043e\u0440\u044b\u0435 \u0430\u043d\u0430\u043b\u0438\u0437\u0438\u0440\u0443\u044e\u0442\u0441\u044f \u0434\u043b\u044f \u043f\u043e\u043b\u0443\u0447\u0435\u043d\u0438\u044f \u0446\u0435\u043d\u043d\u044b\u0445 \u0438\u0434\u0435\u0439. \u0410\u043d\u0430\u043b\u0438\u0437 \u0431\u043e\u043b\u044c\u0448\u0438\u0445 \u0434\u0430\u043d\u043d\u044b\u0445 \u043f\u043e\u043c\u043e\u0433\u0430\u0435\u0442 \u043f\u0440\u0435\u0434\u043f\u0440\u0438\u044f\u0442\u0438\u044f\u043c \u043f\u0440\u0438\u043d\u0438\u043c\u0430\u0442\u044c \u043e\u0431\u043e\u0441\u043d\u043e\u0432\u0430\u043d\u043d\u044b\u0435 \u0440\u0435\u0448\u0435\u043d\u0438\u044f, \u0443\u043b\u0443\u0447\u0448\u0430\u0442\u044c \u043e\u043f\u0435\u0440\u0430\u0446\u0438\u0438 \u0438 \u043f\u0440\u0435\u0434\u0441\u043a\u0430\u0437\u044b\u0432\u0430\u0442\u044c \u0431\u0443\u0434\u0443\u0449\u0438\u0435 \u0442\u0435\u043d\u0434\u0435\u043d\u0446\u0438\u0438.",
            "publish_date": "2024-04-07",
            "tags": [
                "sport",
                "travel"
            ]
        }
    },
    {
        "model": "articles.article",
        "pk": 12,
        "fields": {
            "author": 4,
            "title": "\u0418\u0441\u043f\u043e\u043b\u044c\u0437\u043e\u0432\u0430\u043d\u0438\u0435 \u043e\u0431\u043b\u0430\u0447\u043d\u044b\u0445 \u0441\u0435\u0440\u0432\u0438\u0441\u043e\u0432 \u0441\u0442\u0430\u043b\u043e \u043f\u043e\u0432\u0441\u0435\u043c\u0435\u0441\u0442\u043d\u044b\u043c",
            "text": "\u0418\u0441\u043f\u043e\u043b\u044c\u0437\u043e\u0432\u0430\u043d\u0438\u0435 \u043e\u0431\u043b\u0430\u0447\u043d\u044b\u0445 \u0441\u0435\u0440\u0432\u0438\u0441\u043e\u0432 \u0441\u0442\u0430\u043b\u043e \u043f\u043e\u0432\u0441\u0435\u043c\u0435\u0441\u0442\u043d\u044b\u043c. \u041e\u0431\u043b\u0430\u0447\u043d\u044b\u0435 \u0441\u0435\u0440\u0432\u0438\u0441\u044b \u043f\u0440\u0435\u0434\u043e\u0441\u0442\u0430\u0432\u043b\u044f\u044e\u0442 \u0434\u043e\u0441\u0442\u0443\u043f \u043a \u043c\u043e\u0449\u043d\u044b\u043c \u0432\u044b\u0447\u0438\u0441\u043b\u0438\u0442\u0435\u043b\u044c\u043d\u044b\u043c \u0440\u0435\u0441\u0443\u0440\u0441\u0430\u043c \u0438 \u043f\u0440\u043e\u0433\u0440\u0430\u043c\u043c\u043d\u043e\u043c\u0443 \u043e\u0431\u0435\u0441\u043f\u0435\u0447\u0435\u043d\u0438\u044e \u0431\u0435\u0437 \u043d\u0435\u043e\u0431\u0445\u043e\u0434\u0438\u043c\u043e\u0441\u0442\u0438 \u0438\u043d\u0432\u0435\u0441\u0442\u0438\u0440\u043e\u0432\u0430\u0442\u044c \u0432 \u0441\u043e\u0431\u0441\u0442\u0432\u0435\u043d\u043d\u0443\u044e \u0438\u043d\u0444\u0440\u0430\u0441\u0442\u0440\u0443\u043a\u0442\u0443\u0440\u0443.",
            "publish_date": "2022-07-23",
            "tags": [
                "dev",
                "travel"
            ]
        }
    },
    {
        "model": "articles.source",
        "pk": "mobile",
        "fields": {
            "name": "\u041c\u043e\u0431\u0438\u043b\u044c\u043d\u0430\u044f \u0432\u0435\u0440\u0441\u0438\u044f"
        }
    },
    {
        "model": "articles.source",
        "pk": "web",
        "fields": {
            "name": "Web \u0432\u0435\u0440\u0441\u0438\u044f"
        }
    },
    {
        "model": "articles.tag",
        "pk": "dev",
        "fields": {
            "name": "\u0420\u0430\u0437\u0440\u0430\u0431\u043e\u0442\u043a\u0430"
        }
    },
    {
        "model": "articles.tag",
        "pk": "finance",
        "fields": {
            "name": "\u0424\u043c\u043d\u0430\u043d\u0441\u044b"
        }
    },
    {
        "model": "articles.tag",
        "pk": "sport",
        "fields": {
            "name": "\u0421\u043f\u043e\u0440\u0442"
        }
    },
    {
        "model": "articles.tag",
        "pk": "travel",
        "fields": {
            "name": "\u041f\u0443\u0442\u0435\u0448\u0435\u0441\u0442\u0432\u0438\u044f"
        }
    }
]
